SportsCenter,SportsCenter
Wimbledon,Wimbledon
Olympics,Olympics
Denver Broncos,Broncos
Nexus,googlenexus
KATY PERRY ,katyperry
Barack Obama ,BarackObama
Rihanna ,rihanna
Sachin Tendulkar,sachin_rt
Cristiano Ronaldo,Cristiano
Rafa Nadal,RafaelNadal
Ginni Rometty,GinniRometty
David Beckham,DavidBeckhamWeb
Sonam Kapoor,sonamakapoor
Amber Rose,DaRealAmberRose
Roger Federer,rogerfederer
Oprah Winfrey,Oprah
Ratan Tata,RNTata2000
Marc Jacobs,themarcjacobs
Bill Maher,billmaher
sundarpichai,sundarpichai
Satya Nadella,satyanadella
Jim Carry,JimCarry
Amitabh Bachchan,SrBachchan
Ashton Kutcher,aplusk
Manchaster United,ManUtd
